461.701,-117.507,6.23042
459.714,-119.58,9.10141
457.736,-121.645,11.9606
455.759,-123.712,14.8213
453.138,-126.454,18.6141
451.161,-128.524,21.4768
448.523,-131.29,25.2987
446.54,-133.372,28.1747
444.557,-135.456,31.0503
442.572,-137.544,33.9313
439.927,-140.329,37.7726
437.937,-142.425,40.6621
435.282,-145.221,44.5176
433.295,-147.312,47.4024
431.303,-149.407,50.2928
429.305,-151.505,53.1907
426.638,-154.304,57.0572
425.301,-155.706,58.9942
422.628,-158.506,62.8663
420.612,-160.616,65.7844
417.921,-163.433,69.6804
415.903,-165.546,72.6026
413.883,-167.662,75.5285
411.187,-170.487,79.4346
409.168,-172.605,82.361
406.478,-175.427,86.2597
405.127,-176.846,88.219
402.427,-179.681,92.1321
400.408,-181.804,95.0609
398.384,-183.933,97.9961
395.683,-186.776,101.916
394.331,-188.2,103.878
391.627,-191.049,107.805
389.6,-193.185,110.748
386.893,-196.042,114.682
384.861,-198.189,117.636
382.158,-201.045,121.566
380.799,-202.482,123.543
378.755,-204.646,126.518
376.045,-207.516,130.463
374.026,-209.655,133.403
371.334,-212.51,137.325
369.311,-214.659,140.274
367.282,-216.813,143.232
364.577,-219.687,147.176
362.544,-221.845,150.139
359.835,-224.716,154.084
357.802,-226.866,157.041
355.092,-229.726,160.978
353.067,-231.859,163.918
351.055,-233.974,166.836
349.05,-236.079,169.741
346.393,-238.87,173.592
344.425,-240.936,176.444
342.471,-242.989,179.277
339.859,-245.735,183.064
337.904,-247.792,185.906
335.299,-250.535,189.694
333.339,-252.598,192.544
331.376,-254.666,195.399
329.411,-256.738,198.259
327.452,-258.803,201.109
324.838,-261.558,204.913
322.881,-263.623,207.762
320.934,-265.677,210.596
319.001,-267.716,213.41
316.462,-270.397,217.108
315.202,-271.728,218.944
312.713,-274.357,222.57
310.869,-276.305,225.256
308.445,-278.866,228.789
306.654,-280.76,231.399
304.885,-282.629,233.977
303.139,-284.475,236.522
301.416,-286.298,239.034
299.701,-288.111,241.534
297.465,-290.476,244.794
295.823,-292.213,247.186
294.189,-293.939,249.562
292.572,-295.647,251.912
290.973,-297.334,254.236
288.864,-299.557,257.298
287.301,-301.203,259.567
285.251,-303.358,262.54
283.734,-304.951,264.738
282.231,-306.528,266.916
280.258,-308.597,269.773
278.8,-310.124,271.884
277.359,-311.634,273.97
275.465,-313.618,276.711
274.068,-315.081,278.733
272.69,-316.526,280.729
270.877,-318.428,283.355
269.535,-319.836,285.299
268.197,-321.239,287.237
266.877,-322.624,289.149
265.138,-324.447,291.666
262.546,-327.165,295.42
261.264,-328.51,297.277
259.57,-330.285,299.728
258.312,-331.604,301.55
256.675,-333.32,303.92
255.472,-334.58,305.661
253.899,-336.228,307.937
252.744,-337.437,309.608
251.236,-339.013,311.788
249.037,-341.299,314.957
247.969,-342.4,316.491
246.92,-343.473,317.99
245.891,-344.519,319.456
244.873,-345.545,320.901
242.89,-347.52,323.697
241.605,-348.784,325.497
239.721,-350.613,328.121
237.886,-352.364,330.654
236.677,-353.494,332.306
234.88,-355.135,334.734
233.685,-356.198,336.328
231.584,-358.013,339.095
229.458,-359.78,341.845
227.611,-361.254,344.191
225.73,-362.687,346.53
223.498,-364.291,349.237
221.254,-365.793,351.881
219.34,-366.994,354.077
217.124,-368.301,356.56
214.906,-369.523,358.983
212.01,-370.992,362.055
209.71,-372.047,364.431
206.636,-373.31,367.526
202.663,-374.725,371.413
198.944,-375.816,376.165
194.116,-376.895,383.195
185.258,-377.935,395.409
168.893,-376.931,410.997
163.319,-375.907,416.622
157.566,-374.673,422.673
153.015,-373.613,427.538
148.346,-372.48,432.582
143.56,-371.329,437.789
137.266,-369.924,444.61
130.814,-368.637,451.53
124.241,-367.501,458.533
114.392,-366.389,468.892
88.519,-367.683,495.743
83.6085,-368.7,500.884
78.1197,-370.1,506.707
74.2446,-371.254,510.886
70.3495,-372.553,515.112
67.0071,-373.781,518.742
63.6688,-375.115,522.384
59.7893,-376.804,526.65
55.9259,-378.643,530.952
52.6343,-380.339,534.675
48.8255,-382.459,539.065
45.5891,-384.396,542.835
43.4422,-385.75,545.354
41.8461,-386.792,547.239
40.2497,-387.864,549.134
38.6675,-388.955,551.024
36.571,-390.446,553.547
35.0092,-391.591,555.442
33.4481,-392.764,557.352
31.9008,-393.955,559.261
29.8477,-395.583,561.822
28.3173,-396.833,563.763
26.7982,-398.106,565.723
24.7866,-399.842,568.354
23.2923,-401.173,570.336
21.8107,-402.526,572.326
20.344,-403.897,574.318
18.8803,-405.295,576.327
16.9411,-407.187,579.017
14.5366,-409.585,582.389
12.6182,-411.537,585.107
11.1859,-413.016,587.153
9.75562,-414.515,589.212
7.86335,-416.534,591.981
6.45587,-418.062,594.061
5.04258,-419.618,596.166
3.64051,-421.19,598.275
1.78658,-423.298,601.086
0.86061,-424.362,602.499
-0.5236,-425.966,604.62
-2.37461,-428.129,607.471
-3.75991,-429.758,609.613
-5.59716,-431.931,612.462
-6.97825,-433.571,614.609
-8.36196,-435.222,616.765
-9.7518,-436.884,618.934
-11.1427,-438.55,621.106
-13.0022,-440.779,624.012
-14.4004,-442.456,626.197
-16.2657,-444.692,629.112
-17.6708,-446.374,631.306
-19.5592,-448.626,634.25
-20.9847,-450.317,636.468
-22.4199,-452.012,638.694
-24.3423,-454.268,641.664
-25.7953,-455.961,643.901
-27.2689,-457.667,646.16
-29.2348,-459.924,649.16
-30.7098,-461.604,651.4
-32.7035,-463.857,654.415
-34.2117,-465.549,656.687
-36.2365,-467.804,659.724
-37.7643,-469.495,662.008
-39.2996,-471.186,664.297
-40.8411,-472.878,666.591
-42.3918,-474.574,668.894
-43.9485,-476.272,671.202
-45.5143,-477.974,673.52
-47.0853,-479.677,675.842
-49.1846,-481.945,678.939
-50.7693,-483.647,681.27
-52.8909,-485.915,684.382
-54.4905,-487.614,686.721
-56.6395,-489.883,689.853
-58.2643,-491.589,692.218
-59.8929,-493.291,694.583
-62.0744,-495.559,697.741
-63.721,-497.263,700.119
-65.9288,-499.539,703.301
-67.5901,-501.247,705.691
-69.8045,-503.522,708.875
-71.4706,-505.232,711.269
-73.7027,-507.523,714.475
-75.3817,-509.246,716.887
-77.6241,-511.547,720.106
-79.3094,-513.276,722.525
-81.0835,-515.093,725.07
-82.3851,-516.424,726.934
-84.9887,-519.074,730.654
-86.6919,-520.797,733.08
-88.409,-522.526,735.519
-90.7156,-524.834,738.785
-92.4654,-526.574,741.256
-94.799,-528.882,744.541
-96.5479,-530.602,746.996
-98.9091,-532.911,750.302
-100.685,-534.639,752.782
-103.06,-536.936,756.088
-104.256,-538.088,757.75
-106.652,-540.384,761.071
-108.459,-542.105,763.568
-110.274,-543.827,766.073
-112.709,-546.123,769.423
-114.542,-547.842,771.939
-116.998,-550.131,775.298
-118.848,-551.848,777.824
-120.706,-553.564,780.354
-123.193,-555.852,783.735
-124.442,-556.998,785.43
-126.947,-559.292,788.827
-128.834,-561.017,791.383
-131.355,-563.319,794.796
-133.246,-565.042,797.353
-135.143,-566.77,799.918
-137.685,-569.08,803.351
-139.594,-570.81,805.925
-142.161,-573.129,809.382
-144.09,-574.864,811.975
-146.66,-577.165,815.421
-148.599,-578.892,818.016
-150.545,-580.619,820.615
-153.148,-582.916,824.084
-155.111,-584.64,826.694
-157.757,-586.95,830.203
-159.742,-588.671,832.828
-161.729,-590.382,835.449
-164.389,-592.654,838.945
-166.402,-594.357,841.581
-169.106,-596.623,845.107
-171.137,-598.309,847.745
-173.175,-599.988,850.383
-175.915,-602.23,853.921
-177.98,-603.907,856.578
-180.048,-605.579,859.234
-182.817,-607.805,862.782
-184.904,-609.475,865.451
-186.996,-611.14,868.121
-189.791,-613.355,871.68
-191.898,-615.015,874.358
-194.716,-617.225,877.932
-196.834,-618.876,880.612
-198.958,-620.522,883.294
-201.094,-622.168,885.985
-203.955,-624.354,889.58
-205.39,-625.443,891.379
-208.267,-627.612,894.975
-210.434,-629.234,897.679
-213.334,-631.392,901.288
-215.518,-633.008,904
-218.436,-635.155,907.617
-220.633,-636.764,910.337
-222.835,-638.369,913.058
-225.04,-639.97,915.779
-227.989,-642.099,919.412
-230.201,-643.689,922.133
-232.425,-645.28,924.865
-234.657,-646.869,927.601
-236.893,-648.455,930.339
-239.878,-650.561,933.986
-242.125,-652.138,936.726
-245.131,-654.238,940.386
-247.388,-655.81,943.131
-249.649,-657.38,945.878
-251.916,-658.95,948.628
-254.937,-661.036,952.291
-257.209,-662.6,955.043
-259.486,-664.163,957.797
-262.524,-666.243,961.469
-264.806,-667.801,964.224
-267.094,-669.358,966.984
-269.384,-670.913,969.744
-272.441,-672.976,973.422
-274.735,-674.516,976.176
-277.796,-676.558,979.845
-280.101,-678.086,982.603
-283.181,-680.114,986.28
-285.502,-681.631,989.045
-287.818,-683.136,991.799
-290.874,-685.11,995.429
-294.654,-687.529,999.904
-296.884,-688.946,1002.54
-299.804,-690.788,1005.98
-301.966,-692.143,1008.53
-304.104,-693.475,1011.05
-306.895,-695.203,1014.32
-308.938,-696.461,1016.72
-310.949,-697.693,1019.07
-313.556,-699.284,1022.12
-315.449,-700.435,1024.33
-317.88,-701.907,1027.17
-319.631,-702.963,1029.21
-321.324,-703.979,1031.18
-325.082,-706.22,1035.55
-328.077,-707.991,1039.02
-331.297,-709.871,1042.74
-333.813,-711.32,1045.64
-336.183,-712.667,1048.36
-338.823,-714.146,1051.38
-341.393,-715.568,1054.31
-343.931,-716.957,1057.2
-346.107,-718.138,1059.68
-348.291,-719.307,1062.15
-350.817,-720.632,1065
-353.323,-721.91,1067.81
-355.453,-722.961,1070.18
-358.893,-724.579,1073.97
-361.214,-725.606,1076.49
-364.089,-726.788,1079.58
-367.146,-727.914,1082.76
-370.984,-729.11,1086.63
-375.871,-730.205,1091.43
-394.674,-729.122,1111.25
-398.148,-727.789,1116.3
-401.048,-726.299,1120.59
-403.245,-724.899,1124.05
-404.863,-723.692,1126.76
-406.391,-722.398,1129.17
-407.865,-720.995,1131.48
-409.097,-719.701,1133.42
-410.278,-718.327,1135.34
-411.587,-716.612,1137.59
-412.628,-715.068,1139.52
-413.281,-713.999,1140.76
-414.197,-712.332,1142.58
-415.166,-710.288,1144.78
-416.023,-708.145,1147.05
-416.775,-705.905,1149.4
-417.341,-703.916,1151.47
-417.684,-702.55,1152.88
-417.923,-701.512,1153.94
-418.148,-700.456,1155.02
-418.357,-699.391,1156.11
-418.552,-698.309,1157.21
-418.732,-697.209,1158.33
-418.946,-695.72,1159.83
-419.089,-694.587,1160.97
-419.217,-693.438,1162.12
-419.33,-692.272,1163.28
-419.429,-691.091,1164.46
-419.542,-689.5,1166.04
-419.613,-688.289,1167.24
-419.675,-687.065,1168.45
-419.73,-685.819,1169.68
-419.778,-684.568,1170.92
-419.823,-683.306,1172.16
-419.879,-681.602,1173.84
-419.917,-680.31,1175.11
-419.954,-678.999,1176.41
-420.001,-677.243,1178.14
-420.036,-675.919,1179.44
-420.073,-674.573,1180.77
-420.112,-673.218,1182.11
-420.173,-671.392,1183.91
-420.224,-670.01,1185.28
-420.282,-668.611,1186.66
-420.368,-666.734,1188.52
-420.442,-665.317,1189.93
-420.557,-663.403,1191.83
-420.656,-661.965,1193.26
-420.805,-660.042,1195.18
-420.93,-658.606,1196.61
-421.065,-657.177,1198.04
-421.264,-655.289,1199.93
-421.428,-653.888,1201.33
-421.67,-652.037,1203.19
-421.87,-650.659,1204.58
-422.086,-649.293,1205.97
-422.317,-647.946,1207.33
-422.65,-646.181,1209.13
-423.208,-643.585,1211.78
-423.515,-642.31,1213.09
-423.95,-640.637,1214.81
-424.296,-639.4,1216.1
-424.659,-638.177,1217.37
-425.171,-636.566,1219.05
-426.006,-634.179,1221.55
-426.454,-633.001,1222.8
-426.926,-631.829,1224.04
-427.592,-630.273,1225.7
-428.676,-627.952,1228.19
-429.256,-626.799,1229.44
-429.861,-625.654,1230.72
-430.49,-624.517,1232.02
-431.144,-623.392,1233.33
-432.043,-621.924,1235.07
-432.735,-620.853,1236.37
-433.687,-619.453,1238.11
-434.425,-618.42,1239.43
-435.442,-617.066,1241.21
-437.311,-614.758,1244.41
-439.014,-612.836,1247.29
-440.811,-610.968,1250.3
-442.064,-609.755,1252.32
-444.349,-607.722,1255.84
-446.406,-606.076,1258.89
-448.525,-604.551,1261.95
-450.722,-603.13,1265.07
-453.005,-601.81,1268.09
-455.362,-600.586,1271.04
-458.199,-599.262,1274.43
-461.124,-598.032,1277.81
-465.001,-596.583,1282.04
-468.093,-595.577,1285.12
-472.664,-594.349,1289.65
-478.805,-593.186,1295.7
-514.473,-594.337,1331.37
-520.943,-595.423,1337.9
-528.365,-596.751,1345.39
-534.817,-597.907,1351.89
-540.524,-598.931,1357.64
-546.34,-599.973,1363.5
-552.851,-601.135,1370.07
-558.863,-602.166,1376.13
-567.455,-603.478,1384.79
-575.595,-604.524,1392.98
-587.108,-605.58,1404.54
-627.002,-604.514,1444.31
-633.16,-603.45,1450.4
-638.691,-602.217,1455.97
-642.952,-601.083,1460.41
-647.202,-599.794,1464.98
-651.436,-598.359,1469.81
-655.044,-597.021,1474
-659.23,-595.333,1478.97
-662.761,-593.776,1483.28
-665.091,-592.676,1486.19
-668.563,-590.93,1490.47
-672.562,-588.737,1495.34
-675.915,-586.744,1499.42
-678.132,-585.34,1502.13
-679.768,-584.258,1504.01
-681.39,-583.143,1505.9
-682.996,-581.997,1507.8
-685.106,-580.425,1510.35
-686.667,-579.212,1512.26
-688.214,-577.967,1514.19
-690.251,-576.263,1516.78
-691.76,-574.954,1518.73
-693.251,-573.622,1520.68
-694.729,-572.261,1522.65
-696.19,-570.878,1524.64
-698.111,-569.003,1527.29
-699.539,-567.57,1529.29
-701.426,-565.628,1531.97
-702.825,-564.155,1533.99
-704.237,-562.637,1536.05
-706.079,-560.612,1538.78
-707.425,-559.096,1540.8
-708.782,-557.546,1542.85
-710.13,-555.972,1544.92
-711.475,-554.376,1547
-713.241,-552.236,1549.77
-714.545,-550.624,1551.84
-716.281,-548.435,1554.63
-717.57,-546.772,1556.74
-719.272,-544.531,1559.55
-720.116,-543.401,1560.96
-721.788,-541.118,1563.79
-722.619,-539.968,1565.21
-724.258,-537.652,1568.05
-725.477,-535.901,1570.18
-727.086,-533.551,1573.02
-728.281,-531.778,1575.16
-729.867,-529.389,1578.02
-730.656,-528.186,1579.45
-732.221,-525.765,1582.32
-733.386,-523.941,1584.48
-734.93,-521.492,1587.36
-736.082,-519.641,1589.53
-737.234,-517.77,1591.72
-738.376,-515.893,1593.91
-739.88,-513.39,1596.81
-741,-511.503,1598.99
-742.117,-509.601,1601.19
-743.602,-507.047,1604.12
-744.339,-505.766,1605.59
-745.809,-503.191,1608.54
-746.906,-501.251,1610.75
-748.001,-499.302,1612.97
-749.095,-497.342,1615.2
-750.548,-494.721,1618.17
-751.635,-492.745,1620.41
-752.72,-490.761,1622.65
-753.801,-488.77,1624.9
-754.88,-486.768,1627.16
-756.313,-484.088,1630.19
-757.031,-482.741,1631.71
-758.465,-480.033,1634.77
-759.537,-477.998,1637.07
-760.608,-475.955,1639.38
-762.026,-473.234,1642.46
-762.738,-471.863,1644.02
-764.16,-469.11,1647.14
-765.225,-467.037,1649.49
-766.289,-464.957,1651.85
-767.704,-462.172,1655
-768.761,-460.075,1657.38
-770.165,-457.266,1660.55
-771.213,-455.149,1662.94
-772.257,-453.022,1665.34
-773.297,-450.886,1667.75
-774.331,-448.744,1670.16
-775.362,-446.588,1672.58
-776.387,-444.428,1675.01
-777.405,-442.26,1677.44
-778.419,-440.082,1679.87
-779.427,-437.896,1682.3
-780.766,-434.96,1685.57
-781.76,-432.755,1688.01
-782.745,-430.556,1690.45
-784.056,-427.6,1693.71
-785.035,-425.375,1696.17
-786.336,-422.396,1699.45
-786.983,-420.904,1701.1
-788.274,-417.909,1704.39
-789.241,-415.649,1706.85
-790.208,-413.379,1709.31
-791.487,-410.358,1712.59
-792.441,-408.1,1715.04
-793.401,-405.828,1717.51
-794.365,-403.553,1719.98
-795.334,-401.275,1722.46
-796.309,-398.991,1724.94
-797.289,-396.707,1727.42
-798.603,-393.661,1730.74
-799.601,-391.358,1733.25
-800.936,-388.298,1736.58
-801.937,-386.018,1739.07
-803.288,-382.968,1742.41
-804.312,-380.681,1744.91
-805.348,-378.393,1747.42
-806.747,-375.347,1750.77
-807.807,-373.067,1753.28
-809.239,-370.035,1756.62
-810.326,-367.761,1759.13
-811.427,-365.489,1761.65
-812.91,-362.469,1765
-814.033,-360.212,1767.52
-815.167,-357.96,1770.03
-816.701,-354.955,1773.4
-817.864,-352.707,1775.92
-819.431,-349.719,1779.29
-820.222,-348.227,1780.97
-821.416,-345.996,1783.5
-822.623,-343.765,1786.03
-823.836,-341.545,1788.57
-825.44,-338.641,1791.91
-826.636,-336.498,1794.37
-828.227,-333.674,1797.63
-829.018,-332.278,1799.25
-830.592,-329.522,1802.44
-831.762,-327.486,1804.81
-832.924,-325.476,1807.15
-834.457,-322.841,1810.22
-835.216,-321.543,1811.74
-836.351,-319.607,1814.01
-837.846,-317.07,1816.98
-838.946,-315.208,1819.16
-840.039,-313.367,1821.33
-841.115,-311.557,1823.45
-842.532,-309.184,1826.24
-843.579,-307.438,1828.3
-844.609,-305.728,1830.32
-845.628,-304.041,1832.31
-846.963,-301.845,1834.9
-847.618,-300.771,1836.18
-848.588,-299.186,1838.05
-849.857,-297.116,1840.51
-850.79,-295.596,1842.31
-852.003,-293.62,1844.66
-852.892,-292.17,1846.37
-853.764,-290.747,1848.06
-854.895,-288.893,1850.25
-855.718,-287.536,1851.85
-856.782,-285.764,1853.94
-857.551,-284.467,1855.46
-858.302,-283.186,1856.96
-859.267,-281.512,1858.9
-859.969,-280.268,1860.34
-860.651,-279.033,1861.76
-861.315,-277.803,1863.16
-861.961,-276.579,1864.55
-862.795,-274.955,1866.38
-863.401,-273.741,1867.74
-864.186,-272.123,1869.53
-864.758,-270.908,1870.86
-865.317,-269.692,1872.19
-865.864,-268.471,1873.52
-866.575,-266.836,1875.27
-867.096,-265.598,1876.6
-867.77,-263.929,1878.36
-868.256,-262.666,1879.67
-868.876,-260.96,1881.43
-869.317,-259.667,1882.74
-869.736,-258.362,1884.05
-870.131,-257.043,1885.37
-870.619,-255.273,1887.14
-870.953,-253.935,1888.49
-871.354,-252.142,1890.31
-871.621,-250.783,1891.7
-871.926,-248.97,1893.57
-872.114,-247.614,1894.99
-872.266,-246.249,1896.44
-872.385,-244.88,1898.08
-872.49,-243.057,1900.44
-872.527,-241.692,1902.2
-872.531,-240.323,1903.97
-872.484,-238.486,1906.37
-872.411,-237.105,1908.22
-872.305,-235.722,1910.11
-872.115,-233.872,1912.27
-871.716,-231.095,1915.32
-871.467,-229.707,1916.81
-871.092,-227.855,1918.77
-870.776,-226.467,1920.22
-870.308,-224.618,1922.14
-869.922,-223.225,1923.57
-869.363,-221.385,1925.45
-868.909,-220.009,1926.83
-868.424,-218.631,1928.21
-867.735,-216.812,1930.06
-867.183,-215.455,1931.46
-866.399,-213.651,1933.34
-865.776,-212.307,1934.76
-864.899,-210.526,1936.67
-863.492,-207.884,1939.55
-862.751,-206.573,1941.01
-861.987,-205.264,1942.47
-861.203,-203.957,1943.96
-860.398,-202.648,1945.53
-859.304,-200.905,1947.65
-858.469,-199.601,1949.25
-857.333,-197.854,1951.41
-856.468,-196.535,1953.05
-855.589,-195.21,1954.7
-854.409,-193.441,1956.92
-853.522,-192.118,1958.58
-852.63,-190.791,1960.25
-851.436,-189.017,1962.49
-850.541,-187.68,1964.17
-849.351,-185.892,1966.42
-848.461,-184.54,1968.13
-847.275,-182.717,1970.42
-845.515,-179.946,1973.87
-844.642,-178.537,1975.61
-843.775,-177.118,1977.35
-842.629,-175.202,1979.68
-841.777,-173.751,1981.44
-840.929,-172.284,1983.21
-840.085,-170.798,1984.99
-838.967,-168.802,1987.37
-838.413,-167.798,1988.56
-837.315,-165.774,1990.96
-836.495,-164.233,1992.78
-835.42,-162.165,1995.2
-834.628,-160.598,1997.02
-833.846,-159.006,1998.86
-832.828,-156.853,2001.31
-832.087,-155.224,2003.15
-831.133,-153.034,2005.6
-830.441,-151.375,2007.44
-829.768,-149.698,2009.29
-828.906,-147.446,2011.76
-828.287,-145.748,2013.61
-827.688,-144.032,2015.48
-826.922,-141.717,2017.98
-826.375,-139.965,2019.86
-825.849,-138.196,2021.75
-825.346,-136.41,2023.64
-824.864,-134.61,2025.54
-824.25,-132.18,2028.07
-823.81,-130.343,2029.98
-823.25,-127.879,2032.52
-822.976,-126.629,2033.81
-822.451,-124.128,2036.37
-822.071,-122.24,2038.3
-821.58,-119.691,2040.89
-821.223,-117.767,2042.84
-820.875,-115.837,2044.79
-820.421,-113.243,2047.41
-820.085,-111.284,2049.37
-819.643,-108.661,2052.01
-819.313,-106.683,2054
-818.982,-104.69,2056.01
-818.54,-102.026,2058.7
-818.206,-100.02,2060.73
-817.87,-98.0069,2062.77
-817.531,-95.9921,2064.82
-817.187,-93.963,2066.88
-816.839,-91.934,2068.95
-816.486,-89.9063,2071.02
-816.003,-87.1967,2073.8
-815.63,-85.1613,2075.9
-815.249,-83.1304,2078.01
-814.725,-80.423,2080.82
-814.318,-78.3903,2082.94
-813.899,-76.3616,2085.05
-813.319,-73.6576,2087.87
-812.869,-71.6314,2089.99
-812.404,-69.6083,2092.11
-811.761,-66.9138,2094.94
-811.26,-64.8938,2097.07
-810.57,-62.2015,2099.92
-810.035,-60.1817,2102.07
-809.299,-57.4935,2104.94
-808.731,-55.4853,2107.08
-807.943,-52.799,2109.95
-807.328,-50.7907,2112.09
-806.695,-48.7923,2114.23
-805.814,-46.1293,2117.09
-805.128,-44.1426,2119.24
-804.175,-41.4961,2122.11
-803.681,-40.1725,2123.55
-802.656,-37.5219,2126.44
-801.861,-35.5512,2128.61
-800.763,-32.9404,2131.5
-800.189,-31.6229,2132.97
-799.009,-29.0135,2135.91
-798.092,-27.0678,2138.12
-796.828,-24.49,2141.07
-795.848,-22.5684,2143.28
-794.838,-20.6537,2145.5
-793.798,-18.7433,2147.73
-792.365,-16.2087,2150.71
-791.261,-14.3214,2152.94
-790.131,-12.4462,2155.18
-788.974,-10.5782,2157.44
-787.393,-8.10584,2160.45
-786.176,-6.26121,2162.72
-784.516,-3.81838,2165.76
-783.245,-1.99706,2168.04
-781.952,-0.18624,2170.32
-780.638,1.61746,2172.61
-778.856,4.00624,2175.66
-777.497,5.78756,2177.95
-775.658,8.14644,2181.01
-774.257,9.90506,2183.31
-772.357,12.2393,2186.39
-770.909,13.9797,2188.71
-768.949,16.2797,2191.81
-767.954,17.4229,2193.36
-765.935,19.6899,2196.48
-764.39,21.3757,2198.83
-762.297,23.5937,2201.96
-760.708,25.2296,2204.29
-758.55,27.3884,2207.41
-756.903,28.99,2209.76
-754.672,31.0991,2212.89
-752.964,32.6684,2215.26
-750.656,34.7278,2218.41
-748.904,36.247,2220.78
-746.535,38.2416,2223.95
-744.736,39.7129,2226.33
-742.298,41.6465,2229.51
-738.572,44.4752,2234.28
-736.678,45.8584,2236.67
-734.762,47.223,2239.06
-732.183,49.0091,2242.25
-730.229,50.325,2244.65
-728.252,51.6247,2247.06
-725.578,53.3345,2250.29
-723.565,54.5867,2252.71
-720.872,56.2169,2255.92
-718.823,57.4249,2258.37
-716.068,59.0063,2261.63
-713.984,60.172,2264.08
-711.181,61.7023,2267.35
-709.062,62.8332,2269.8
-706.224,64.3152,2273.07
-704.085,65.4084,2275.52
-701.933,66.4867,2277.97
-699.771,67.548,2280.42
-696.871,68.9353,2283.7
-692.458,70.9688,2288.62
-687.274,73.2418,2294.32
-682.766,75.1192,2299.22
-677.468,77.2082,2304.92
-672.111,79.193,2310.64
-667.473,80.8219,2315.55
-662.802,82.3949,2320.46
-657.311,84.1708,2326.2
-651.797,85.8785,2331.95
-646.233,87.5259,2337.72
-641.443,88.8864,2342.68
-636.613,90.2081,2347.67
-630.97,91.7053,2353.5
-626.12,92.9661,2358.51
-620.443,94.4208,2364.36
-614.735,95.8615,2370.24
-609.005,97.2839,2376.14
-603.257,98.6832,2382.05
-597.479,100.055,2387.99
-592.505,101.198,2393.09
-587.508,102.308,2398.21
-581.668,103.56,2404.18
-575.795,104.783,2410.18
-569.904,105.997,2416.2
-563.999,107.21,2422.23
-558.928,108.253,2427.41
-552.982,109.476,2433.48
-547.047,110.698,2439.54
-541.076,111.926,2445.63
-535.967,112.973,2450.85
-530.109,114.172,2456.83
-525.207,115.176,2461.83
-519.686,116.306,2467.47
-512.171,117.838,2475.14
-505.152,119.259,2482.3
-498.615,120.582,2488.97
-492.398,121.828,2495.3
-486.253,123.045,2501.56
-480.26,124.227,2507.66
-474.648,125.313,2513.37
-467.997,126.542,2520.12
-461.523,127.615,2526.68
-453.697,128.621,2534.54
-431.712,127.614,2555.99
-427.022,126.25,2560.51
-423.752,124.983,2564.78
-421.513,123.943,2568.17
-419.645,122.941,2571.34
-417.522,121.644,2575.47
-415.47,120.215,2578.78
-413.489,118.673,2581.78
-411.833,117.252,2584.19
-409.953,115.488,2586.86
-408.126,113.602,2589.43
-406.596,111.894,2591.54
-404.849,109.798,2594.1
-403.135,107.588,2596.79
-401.686,105.612,2599.19
-400.963,104.593,2600.43
-400.247,103.563,2601.68
-399.296,102.164,2603.39
-398.583,101.091,2604.69
-397.869,100.007,2606.02
-397.153,98.9024,2607.37
-396.198,97.4122,2609.22
-395.476,96.2828,2610.64
-394.75,95.1428,2612.07
-393.769,93.6112,2613.99
-393.025,92.4565,2615.44
-392.273,91.3065,2616.89
-391.252,89.7768,2618.83
-390.473,88.6305,2620.3
-389.415,87.1088,2622.25
-388.605,85.9635,2623.74
-387.505,84.436,2625.73
-386.664,83.2849,2627.24
-385.525,81.7501,2629.27
-384.654,80.5973,2630.81
-383.767,79.441,2632.4
-382.562,77.8988,2634.52
-380.7,75.5967,2637.7
-379.75,74.4556,2639.3
-378.452,72.9359,2641.43
-377.469,71.8058,2643.03
-376.466,70.6816,2644.64
-375.099,69.1897,2646.79
-374.056,68.0875,2648.41
-372.991,66.9941,2650.04
-371.903,65.908,2651.68
-370.414,64.4748,2653.87
-369.269,63.4146,2655.51
-368.102,62.3711,2657.14
-366.913,61.3444,2658.78
-365.296,60.0049,2660.97
-362.346,57.712,2664.85
-359.284,55.515,2668.76
-356.553,53.6888,2672.18
-353.74,51.9252,2675.65
-351.807,50.7788,2677.97
-348.86,49.1278,2681.43
-345.829,47.5444,2684.89
-343.758,46.5219,2687.21
-341.113,45.2769,2690.14
-337.343,43.611,2694.24
-333.465,42.027,2698.39
-329.51,40.5466,2702.55
-326.044,39.3608,2706.17
-322.501,38.2544,2709.85
-318.297,37.0699,2714.17
-314.011,35.9826,2718.56
-309.654,34.9726,2723.01
-303.304,33.6436,2729.49
-297.463,32.5478,2735.43
-290.881,31.3955,2742.11
-284.145,30.281,2748.94
-277.253,29.201,2755.92
-268.041,27.8216,2765.24
-260.799,26.7483,2772.56
-253.391,25.6761,2780.03
-245.82,24.6229,2787.67
-235.729,23.2797,2797.84
-227.799,22.2708,2805.83
-217.278,21.0074,2816.42
-207.331,19.9464,2826.41
-194.617,18.8562,2839.14
-176.313,17.808,2857.44
-121.225,18.9133,2912.86
-107.926,20.1312,2926.33
-96.4346,21.474,2938
-86.8047,22.8316,2947.83
-80.0399,23.9272,2954.76
-74.2226,24.9676,2960.73
-67.43,26.3058,2967.72
-61.6045,27.5688,2973.74
-54.7962,29.183,2980.81
-48.9731,30.6822,2986.89
-43.1694,32.2769,2992.98
-39.2958,33.3854,2997.06
-33.4693,35.1113,3003.2
-29.6039,36.2974,3007.28
-23.7949,38.1527,3013.45
-19.9297,39.4408,3017.57
-14.1407,41.4533,3023.77
-10.2885,42.8484,3027.93
-4.52368,45.0211,3034.16
-1.65147,46.1434,3037.27
1.22023,47.2938,3040.4
5.03706,48.8673,3044.57
7.89012,50.0772,3047.7
10.739,51.3144,3050.84
13.5806,52.5782,3053.98
16.4141,53.8694,3057.13
19.2425,55.1916,3060.29
23.0084,57.0084,3064.51
25.8083,58.4031,3067.66
28.5822,59.8212,3070.8
31.3652,61.2795,3073.97
34.1418,62.7689,3077.14
37.8171,64.7908,3081.37
40.5534,66.3313,3084.53
43.2987,67.9049,3087.72
46.9439,70.0321,3091.97
49.6658,71.6448,3095.16
52.3882,73.2758,3098.36
56.0039,75.4671,3102.63
58.7092,77.1245,3105.83
61.4107,78.7987,3109.03
64.1067,80.4937,3112.24
67.6782,82.786,3116.5
70.3397,84.5359,3119.71
72.9875,86.317,3122.91
75.6344,88.1386,3126.14
79.1104,90.5935,3130.42
81.6878,92.4587,3133.62
85.1154,94.995,3137.91
87.6617,96.9179,3141.13
90.1921,98.8619,3144.34
93.5509,101.495,3148.62
96.0532,103.495,3151.84
98.5488,105.523,3155.07
101.844,108.249,3159.35
104.296,110.311,3162.57
106.738,112.396,3165.79
109.973,115.202,3170.08
111.583,116.618,3172.23
114.782,119.473,3176.53
117.169,121.637,3179.75
120.317,124.534,3184.04
121.886,125.994,3186.18
125.018,128.942,3190.47
127.357,131.172,3193.7
130.439,134.145,3197.97
132.746,136.393,3201.18
135.049,138.658,3204.39
137.345,140.934,3207.61
139.632,143.217,3210.83
142.674,146.282,3215.12
144.946,148.589,3218.35
147.954,151.667,3222.64
150.194,153.975,3225.85
152.427,156.292,3229.06
154.662,158.632,3232.29
156.894,160.993,3235.53
159.829,164.147,3239.84
161.282,165.728,3241.98
164.166,168.905,3246.27
166.323,171.308,3249.5
168.456,173.702,3252.7
170.566,176.081,3255.88
172.615,178.399,3258.98
175.278,181.416,3263
177.234,183.638,3265.96
179.16,185.829,3268.88
181.672,188.695,3272.69
183.498,190.788,3275.46
185.857,193.507,3279.06
187.572,195.495,3281.69
189.244,197.446,3284.26
191.407,199.982,3287.59
192.975,201.831,3290.02
194.99,204.218,3293.14
195.97,205.383,3294.66
197.87,207.651,3297.62
199.256,209.311,3299.79
200.622,210.955,3301.92
201.968,212.584,3304.04
203.731,214.734,3306.82
205.044,216.349,3308.9
206.334,217.948,3310.95
207.604,219.537,3312.99
208.866,221.129,3315.02
210.531,223.259,3317.72
211.764,224.866,3319.74
212.977,226.479,3321.76
214.565,228.647,3324.44
215.74,230.295,3326.46
216.894,231.955,3328.47
218.396,234.19,3331.15
219.491,235.882,3333.14
220.91,238.165,3335.8
221.94,239.897,3337.79
222.941,241.649,3339.78
224.224,244.005,3342.4
225.144,245.786,3344.36
226.327,248.207,3346.98
227.174,250.048,3348.96
228.243,252.527,3351.62
228.755,253.784,3352.97
229.718,256.312,3355.67
230.39,258.225,3357.72
231.219,260.798,3360.49
231.79,262.738,3362.6
232.492,265.346,3365.49
232.974,267.317,3367.77
233.421,269.303,3370.04
233.962,271.964,3373.07
234.328,273.973,3375.35
234.766,276.67,3378.43
235.055,278.706,3380.77
235.376,281.436,3383.85
235.568,283.495,3385.98
235.761,286.25,3388.8
235.858,288.311,3390.91
235.922,291.068,3393.71
235.92,293.142,3395.82
235.875,295.22,3397.93
235.786,297.301,3400.05
235.603,300.071,3402.87
235.418,302.156,3404.96
235.116,304.924,3407.74
234.851,306.995,3409.82
234.449,309.767,3412.62
234.115,311.852,3414.73
233.629,314.645,3417.56
233.371,316.04,3418.98
232.836,318.827,3421.81
232.419,320.926,3423.95
231.855,323.727,3426.8
231.431,325.835,3428.94
230.869,328.662,3431.82
230.593,330.08,3433.26
230.057,332.923,3436.15
229.674,335.056,3438.31
229.198,337.896,3441.18
228.872,340.028,3443.34
228.484,342.869,3446.21
228.312,344.291,3447.64
228.082,346.423,3449.79
227.832,349.266,3452.65
227.687,351.4,3454.78
227.55,354.245,3457.62
227.506,355.665,3459.04
227.467,358.5,3461.85
227.482,360.633,3463.96
227.559,363.478,3466.77
227.659,365.604,3468.86
227.797,367.736,3470.95
228.041,370.583,3473.73
228.269,372.718,3475.81
228.538,374.857,3477.91
228.954,377.685,3480.79
229.309,379.79,3482.99
229.707,381.917,3485.26
230.145,384.045,3487.6
230.791,386.864,3490.81
231.319,388.978,3493.31
232.09,391.78,3496.85
232.502,393.181,3498.6
233.375,395.959,3501.97
234.083,398.029,3504.4
234.83,400.082,3506.76
235.879,402.8,3509.82
236.715,404.837,3512
237.893,407.536,3514.82
238.825,409.546,3516.96
239.796,411.539,3519.11
240.805,413.518,3521.27
242.21,416.142,3524.19
243.308,418.104,3526.4
244.436,420.049,3528.62
245.983,422.614,3531.58
247.182,424.532,3533.83
248.825,427.081,3536.84
250.088,428.988,3539.12
251.808,431.525,3542.18
253.119,433.419,3544.48
254.891,435.941,3547.56
256.238,437.833,3549.88
258.059,440.364,3553
259.438,442.264,3555.35
261.287,444.806,3558.5
262.686,446.725,3560.88
264.553,449.285,3564.05
265.962,451.217,3566.44
267.377,453.156,3568.85
269.275,455.747,3572.06
270.71,457.697,3574.49
272.638,460.298,3577.73
274.091,462.246,3580.15
276.045,464.844,3583.39
277.516,466.787,3585.82
278.994,468.723,3588.25
280.979,471.3,3591.49
282.486,473.242,3593.94
284.007,475.191,3596.41
286.042,477.782,3599.69
287.578,479.728,3602.16
289.644,482.334,3605.48
291.205,484.292,3607.98
292.778,486.254,3610.49
294.365,488.224,3613.01
296.493,490.846,3616.38
298.097,492.81,3618.91
299.709,494.772,3621.44
301.888,497.407,3624.85
303.534,499.384,3627.42
305.18,501.35,3629.98
306.846,503.326,3632.57
308.525,505.305,3635.16
309.649,506.625,3636.9
312.23,509.633,3640.86
314.188,511.897,3643.85
315.927,513.893,3646.5
317.666,515.876,3649.13
319.422,517.867,3651.79
321.776,520.517,3655.33
323.552,522.501,3657.99
325.344,524.493,3660.67
326.545,525.821,3662.46
329.295,528.842,3666.54
331.384,531.118,3669.63
333.853,533.788,3673.26
335.099,535.126,3675.08
337.585,537.782,3678.71
339.457,539.767,3681.44
341.347,541.76,3684.18
343.881,544.409,3687.83
345.8,546.398,3690.59
347.731,548.385,3693.35
349.679,550.375,3696.12
352.282,553.011,3699.81
354.24,554.976,3702.58
356.218,556.946,3705.36
358.216,558.918,3708.15
360.885,561.523,3711.86
362.909,563.473,3714.66
364.957,565.424,3717.47
367.705,568.006,3721.21
369.085,569.287,3723.08
371.171,571.203,3725.89
373.981,573.748,3729.65
375.404,575.019,3731.54
378.255,577.536,3735.31
380.403,579.404,3738.16
382.576,581.27,3741.04
385.502,583.747,3744.89
387.716,585.591,3747.78
389.94,587.419,3750.67
392.185,589.237,3753.58
394.449,591.044,3756.5
396.732,592.838,3759.43
399.8,595.206,3763.35
402.115,596.962,3766.3
404.45,598.708,3769.26
406.801,600.441,3772.25
409.169,602.164,3775.24
412.345,604.441,3779.22
414.747,606.139,3782.22
417.98,608.392,3786.23
420.403,610.057,3789.21
422.842,611.713,3792.21
426.12,613.905,3796.22
427.763,614.99,3798.22
431.079,617.147,3802.24
432.752,618.218,3804.26
436.112,620.335,3808.31
438.646,621.901,3811.35
441.192,623.45,3814.39
444.608,625.486,3818.44
447.184,626.991,3821.47
449.775,628.479,3824.5
453.259,630.439,3828.55
455.885,631.886,3831.59
458.518,633.31,3834.62
461.18,634.722,3837.67
464.733,636.565,3841.71
467.416,637.926,3844.76
470.114,639.268,3847.8
472.819,640.59,3850.84
476.451,642.329,3854.89
479.191,643.615,3857.93
482.856,645.301,3861.98
485.613,646.545,3865.02
488.384,647.774,3868.06
491.171,648.989,3871.1
493.971,650.188,3874.15
497.712,651.757,3878.21
500.519,652.911,3881.25
503.347,654.058,3884.3
507.117,655.559,3888.36
509.954,656.672,3891.4
512.802,657.773,3894.46
516.617,659.226,3898.54
522.362,661.365,3904.66
525.248,662.417,3907.73
528.141,663.459,3910.8
532.001,664.834,3914.89
534.899,665.858,3917.96
537.809,666.881,3921.04
541.694,668.242,3925.16
544.612,669.262,3928.25
547.529,670.28,3931.33
550.445,671.297,3934.42
554.343,672.654,3938.55
559.245,674.354,3943.73
563.164,675.704,3947.88
566.1,676.709,3950.98
569.046,677.711,3954.09
574.959,679.704,3960.33
578.901,681.018,3964.48
584.824,682.975,3970.72
590.799,684.938,3977.01
594.747,686.232,3981.16
600.703,688.175,3987.43
606.672,690.116,3993.7
610.656,691.407,3997.89
617.638,693.664,4005.23
623.63,695.597,4011.52
630.629,697.856,4018.88
636.592,699.785,4025.15
640.494,701.049,4029.24
646.198,702.9,4035.24
651.75,704.705,4041.07
655.337,705.874,4044.84
661.403,707.855,4051.21
666.377,709.483,4056.44
671.165,711.055,4061.47
676.502,712.812,4067.09
681.598,714.487,4072.44
685.823,715.87,4076.89
689.912,717.204,4081.18
694.508,718.703,4086.01
698.932,720.147,4090.66
703.209,721.545,4095.15
706.767,722.71,4098.89
710.746,724.014,4103.07
714.582,725.264,4107.09
717.777,726.29,4110.43
721.381,727.417,4114.19
724.852,728.462,4117.8
729.49,729.755,4122.59
735.452,731.109,4128.67
742.488,732.213,4135.73
766.274,731.071,4159.08
770.334,729.879,4163.46
773.159,728.848,4166.73
775.979,727.655,4170.52
778.386,726.505,4173.79
780.763,725.242,4177.12
783.438,723.652,4181.07
786.003,721.921,4184.64
788.453,720.06,4187.98
790.485,718.353,4190.75
791.806,717.159,4192.56
794.052,714.955,4195.68
796.206,712.614,4198.7
797.102,711.569,4200.02
798.273,710.139,4201.8
799.987,707.901,4204.54
800.823,706.749,4205.92
801.918,705.183,4207.79
802.722,703.991,4209.2
803.777,702.372,4211.1
804.556,701.13,4212.54
805.322,699.867,4214
806.324,698.15,4215.97
807.061,696.836,4217.47
808.024,695.057,4219.48
808.732,693.703,4221
809.658,691.871,4223.05
810.799,689.533,4225.65
811.477,688.106,4227.22
812.372,686.185,4229.34
813.036,684.727,4230.94
813.696,683.258,4232.55
814.572,681.263,4234.73
815.22,679.758,4236.37
815.859,678.235,4238.02
816.487,676.708,4239.67
817.31,674.665,4241.87
817.924,673.119,4243.53
818.532,671.567,4245.19
819.342,669.482,4247.43
819.947,667.915,4249.11
820.552,666.338,4250.79
821.372,664.213,4253.07
821.788,663.141,4254.22
822.628,660.982,4256.53
823.261,659.359,4258.27
823.903,657.719,4260.03
824.766,655.519,4262.4
825.422,653.849,4264.19
826.308,651.601,4266.6
826.98,649.898,4268.43
827.885,647.605,4270.9
828.341,646.449,4272.14
829.258,644.129,4274.63
829.952,642.374,4276.52
830.652,640.605,4278.42
831.594,638.226,4280.98
832.306,636.428,4282.91
833.022,634.622,4284.85
833.985,632.196,4287.46
834.711,630.367,4289.43
835.443,628.526,4291.41
836.428,626.055,4294.07
837.173,624.19,4296.08
837.925,622.315,4298.1
838.936,619.803,4300.8
839.702,617.909,4302.85
840.474,616.005,4304.9
841.253,614.092,4306.96
842.302,611.528,4309.73
843.102,609.586,4311.83
843.905,607.646,4313.93
844.718,605.694,4316.05
845.81,603.09,4318.87
846.64,601.123,4321
847.756,598.491,4323.86
848.601,596.508,4326.02
849.452,594.519,4328.18
850.596,591.858,4331.08
851.453,589.867,4333.24
852.595,587.225,4336.12
853.451,585.249,4338.27
854.588,582.629,4341.13
855.437,580.673,4343.26
856.283,578.727,4345.38
857.12,576.794,4347.49
858.22,574.237,4350.28
858.763,572.964,4351.66
859.83,570.434,4354.41
860.616,568.544,4356.46
861.634,566.051,4359.16
862.13,564.815,4360.49
863.106,562.338,4363.15
863.817,560.486,4365.14
864.732,558.027,4367.76
865.176,556.797,4369.07
866.027,554.343,4371.66
866.63,552.506,4373.59
867.202,550.666,4375.51
867.74,548.827,4377.41
868.403,546.377,4379.93
868.857,544.546,4381.77
869.278,542.713,4383.59
869.788,540.274,4386.01
870.133,538.449,4387.82
870.449,536.627,4389.62
870.735,534.806,4391.42
871.073,532.382,4393.83
871.292,530.57,4395.63
871.482,528.763,4397.44
871.643,526.958,4399.24
871.774,525.151,4401.06
871.902,522.742,4403.49
871.96,520.937,4405.34
871.986,518.531,4407.86
871.966,516.723,4409.75
871.911,514.913,4411.64
871.819,513.11,4413.52
871.639,510.709,4416.03
871.46,508.915,4417.92
871.165,506.531,4420.45
870.991,505.336,4421.73
870.597,502.96,4424.3
870.262,501.19,4426.25
869.761,498.838,4428.88
869.346,497.085,4430.84
868.893,495.333,4432.8
868.406,493.594,4434.75
867.701,491.29,4437.35
867.13,489.569,4439.3
866.527,487.855,4441.26
865.668,485.594,4443.88
865.213,484.464,4445.21
864.508,482.778,4447.21
863.772,481.101,4449.22
862.748,478.883,4451.87
861.949,477.231,4453.84
861.122,475.588,4455.8
859.985,473.415,4458.38
859.105,471.799,4460.3
858.198,470.19,4462.22
856.95,468.057,4464.77
856.307,466.997,4466.05
854.99,464.9,4468.59
853.968,463.342,4470.5
852.563,461.291,4473
851.476,459.774,4474.85
850.363,458.279,4476.68
848.838,456.32,4479.09
847.66,454.873,4480.9
846.044,452.98,4483.3
844.799,451.588,4485.09
843.522,450.217,4486.88
841.771,448.424,4489.27
840.426,447.111,4491.06
838.586,445.4,4493.45
835.726,442.92,4497.17
834.25,441.718,4499.04
832.758,440.546,4500.92
830.737,439.04,4503.43
829.189,437.929,4505.32
827.614,436.85,4507.23
825.485,435.451,4509.77
823.875,434.43,4511.68
820.607,432.449,4515.5
818.396,431.169,4518.06
814.471,429.012,4522.54
811.056,427.239,4526.38
807.013,425.246,4530.88
802.913,423.323,4535.4
798.754,421.444,4539.94
795.148,419.852,4543.86
792.726,418.796,4546.48
789.049,417.21,4550.46
785.353,415.633,4554.45
782.869,414.582,4557.12
779.117,413.001,4561.16
775.345,411.409,4565.22
770.916,409.522,4570
766.462,407.599,4574.82
762.625,405.919,4578.98
758.146,403.929,4583.86
754.29,402.182,4588.07
749.785,400.088,4593.02
745.937,398.249,4597.27
742.08,396.36,4601.55
739.515,395.076,4604.41
735.676,393.116,4608.7
731.245,390.797,4613.68
726.921,388.486,4618.56
723.319,386.528,4622.64
719.31,384.318,4627.19
715.522,382.198,4631.51
711.965,380.168,4635.58
709.115,378.502,4638.86
706.025,376.638,4642.45
703.59,375.113,4645.31
700.997,373.425,4648.39
698.973,372.049,4650.82
697.114,370.715,4653.1
695.12,369.178,4655.55
693.501,367.837,4657.59
691.926,366.446,4659.63
690.186,364.801,4661.95
688.74,363.332,4663.95
687.116,361.55,4666.3
685.62,359.723,4668.59
684.282,357.854,4670.81
683.275,356.217,4672.66
682.267,354.284,4674.74
681.532,352.599,4676.47
680.906,350.876,4678.18
680.314,348.835,4680.78
679.905,347.044,4683.11
679.689,345.831,4684.73
679.451,343.99,4687.31
679.354,342.751,4689.18
679.303,340.578,4692.53
679.426,338.417,4695.42
679.672,336.587,4697.67
680.119,334.472,4700.16
680.739,332.392,4702.6
681.407,330.639,4704.46
682.193,328.908,4706.21
682.779,327.77,4707.41
683.926,325.809,4709.58
685.033,324.174,4711.49
686.466,322.319,4713.79
687.803,320.791,4715.8
689.49,319.082,4718.19
691.299,317.442,4720.62
692.935,316.083,4722.74
694.922,314.551,4725.24
696.704,313.268,4727.42
698.558,312.012,4729.64
700.805,310.585,4732.27
702.802,309.386,4734.57
705.209,308,4737.3
707.33,306.821,4739.69
709.868,305.45,4742.51
712.458,304.079,4745.38
715.106,302.685,4748.31
717.384,301.474,4750.84
720.049,300.025,4753.82
722.704,298.522,4756.82
725.33,296.942,4759.86
727.545,295.509,4762.48
730.079,293.728,4765.57
732.203,292.104,4768.25
734.271,290.398,4770.93
735.61,289.222,4772.71
737.572,287.384,4775.4
738.845,286.113,4777.19
740.693,284.14,4779.87
741.589,283.126,4781.21
742.752,281.746,4782.98
743.603,280.69,4784.28
744.438,279.614,4785.58
745.524,278.152,4787.32
747.108,275.883,4789.96
747.871,274.727,4791.29
748.618,273.554,4792.64
749.35,272.359,4793.99
750.064,271.149,4795.36
750.762,269.919,4796.74
751.663,268.255,4798.61
752.319,266.988,4800.03
752.955,265.707,4801.46
753.573,264.408,4802.92
754.368,262.651,4804.91
754.941,261.315,4806.4
755.673,259.508,4808.41
756.194,258.143,4809.91
756.852,256.304,4811.93
757.318,254.914,4813.45
757.762,253.51,4814.99
758.324,251.595,4817.08
758.716,250.151,4818.67
759.082,248.697,4820.27
759.532,246.734,4822.44
760.121,243.753,4825.79
760.377,242.254,4827.46
760.606,240.747,4829.13
760.873,238.707,4831.38
761.041,237.175,4833.05
761.224,235.141,4835.26
761.333,233.6,4836.93
761.415,232.048,4838.62
761.482,229.966,4840.88
761.499,228.401,4842.58
761.486,226.826,4844.3
761.443,225.249,4846.04
761.338,223.145,4848.37
761.222,221.556,4850.13
761.019,219.439,4852.45
760.829,217.853,4854.18
760.525,215.722,4856.49
760.352,214.657,4857.64
759.967,212.539,4859.94
759.755,211.478,4861.1
759.29,209.353,4863.42
759.039,208.294,4864.58
758.498,206.18,4866.92
758.059,204.603,4868.68
757.425,202.498,4870.98
756.914,200.925,4872.69
756.372,199.353,4874.38
755.8,197.787,4876.06
755.197,196.226,4877.72
754.566,194.674,4879.38
753.905,193.126,4881.03
752.977,191.075,4883.21
752.245,189.546,4884.85
751.224,187.519,4887.03
750.428,186.011,4888.68
749.325,184.012,4890.89
748.467,182.52,4892.56
747.286,180.541,4894.8
745.436,177.592,4898.2
744.471,176.117,4899.92
743.157,174.168,4902.22
741.129,171.273,4905.68
740.079,169.827,4907.45
739.01,168.39,4909.23
737.919,166.957,4911.01
736.427,165.048,4913.42
734.513,162.663,4916.46
732.949,160.767,4918.91
731.757,159.352,4920.76
730.13,157.463,4923.25
728.884,156.05,4925.13
727.198,154.178,4927.64
725.914,152.785,4929.54
724.177,150.937,4932.07
722.854,149.558,4933.98
721.066,147.722,4936.54
719.706,146.342,4938.48
717.874,144.504,4941.07
716.489,143.122,4943.03
714.625,141.271,4945.66
713.219,139.88,4947.63
711.34,138.021,4950.27
709.93,136.628,4952.26
708.511,135.226,4954.25
707.085,133.817,4956.25
705.656,132.405,4958.26
703.743,130.515,4960.95
702.301,129.089,4962.97
700.855,127.66,4965.01
699.403,126.224,4967.05
697.462,124.304,4969.78
695.997,122.853,4971.84
694.035,120.903,4974.6
692.56,119.434,4976.68
691.079,117.954,4978.78
689.107,115.979,4981.57
686.135,112.991,4985.78
684.641,111.486,4987.9
683.137,109.97,4990.03
681.629,108.449,4992.17
679.61,106.412,4995.04
678.092,104.88,4997.2
676.571,103.344,4999.36
674.532,101.285,5002.26
672.998,99.7356,5004.44
670.945,97.6613,5007.36
669.394,96.0924,5009.56
667.84,94.5188,5011.77
665.764,92.4126,5014.73
664.202,90.8258,5016.96
662.639,89.2366,5019.19
660.54,87.1014,5022.18
658.961,85.4943,5024.44
656.863,83.3592,5027.43
655.282,81.7503,5029.68
653.166,79.5953,5032.71
651.573,77.9736,5034.98
649.441,75.8027,5038.02
647.837,74.1684,5040.31
646.23,72.5312,5042.61
644.076,70.3363,5045.68
642.459,68.6874,5047.99
640.296,66.4832,5051.08
639.205,65.37,5052.64
637.566,63.6994,5054.98
635.391,61.481,5058.09
633.759,59.8164,5060.42
632.113,58.1371,5062.77
629.912,55.8911,5065.91
628.247,54.1923,5068.29
626.584,52.4947,5070.67
624.928,50.8046,5073.04
623.259,49.1005,5075.42
621.026,46.82,5078.61
619.902,45.6729,5080.22
617.653,43.3753,5083.43
615.966,41.6512,5085.85
613.709,39.3456,5089.07
612.011,37.6101,5091.5
609.741,35.289,5094.75
608.032,33.5419,5097.19
605.747,31.2048,5100.46
604.03,29.4481,5102.92
601.731,27.0958,5106.21
600.002,25.3268,5108.68
597.691,22.9613,5111.99
595.954,21.1832,5114.47
594.207,19.3945,5116.97
591.876,17.0071,5120.31
590.13,15.2177,5122.81
588.374,13.419,5125.33
586.029,11.0152,5128.69
584.268,9.21031,5131.21
581.914,6.79692,5134.58
580.139,4.97578,5137.12
578.364,3.15437,5139.67
576.587,1.33014,5142.21
574.811,-0.49178,5144.76
572.428,-2.93423,5148.17
570.637,-4.76709,5150.73
568.842,-6.60175,5153.3
566.44,-9.05173,5156.73
564.638,-10.8889,5159.3
562.83,-12.7295,5161.88
561.015,-14.5784,5164.48
559.184,-16.4423,5167.09
556.757,-18.9148,5170.55
554.949,-20.7581,5173.14
552.519,-23.2389,5176.61
550.694,-25.1029,5179.22
548.859,-26.9784,5181.84
546.413,-29.4828,5185.34
544.58,-31.3637,5187.97
542.132,-33.8811,5191.48
540.901,-35.1495,5193.25
538.45,-37.6784,5196.77
536.605,-39.5866,5199.42
534.138,-42.1427,5202.98
532.293,-44.0565,5205.64
529.827,-46.617,5209.19
527.983,-48.5339,5211.85
526.139,-50.4508,5214.51
524.287,-52.3779,5217.18
521.796,-54.9703,5220.78
519.934,-56.9089,5223.47
517.455,-59.492,5227.05
516.208,-60.7925,5228.85
513.718,-63.3906,5232.45
511.842,-65.3486,5235.16
509.338,-67.9647,5238.78
508.084,-69.2748,5240.6
505.574,-71.9,5244.23
503.693,-73.8692,5246.95
501.81,-75.841,5249.68
499.292,-78.4787,5253.32
498.032,-79.8001,5255.15
495.509,-82.447,5258.81
493.614,-84.4364,5261.55
491.082,-87.0959,5265.23
489.182,-89.0928,5267.98
486.647,-91.7587,5271.66
484.742,-93.7628,5274.42
482.196,-96.4404,5278.12
480.282,-98.4535,5280.9
478.366,-100.466,5283.68
475.801,-103.157,5287.39
473.878,-105.171,5290.18
471.314,-107.851,5293.89
470.028,-109.193,5295.74
467.454,-111.875,5299.46
467.454,-111.875,5301.28
